id,sample,info,data
1,A0A140D2T1,ZIKV_Sourisseau_2019,/mnt/vol1/lucc/work/script/NF/esm2/data/ProteinGym/DMS_ProteinGym_substitutions/A0A140D2T1_ZIKV_Sourisseau_2019.csv
2,A0A192B1T2,9HIV1_Haddox_2018,/mnt/vol1/lucc/work/script/NF/esm2/data/ProteinGym/DMS_ProteinGym_substitutions/A0A192B1T2_9HIV1_Haddox_2018.csv
3,A0A1I9GEU1,NEIME_Kennouche_2019,/mnt/vol1/lucc/work/script/NF/esm2/data/ProteinGym/DMS_ProteinGym_substitutions/A0A1I9GEU1_NEIME_Kennouche_2019.csv
4,A0A247D711,LISMN_Stadelmann_2021,/mnt/vol1/lucc/work/script/NF/esm2/data/ProteinGym/DMS_ProteinGym_substitutions/A0A247D711_LISMN_Stadelmann_2021.csv
5,A0A2Z5U3Z0,9INFA_Doud_2016,/mnt/vol1/lucc/work/script/NF/esm2/data/ProteinGym/DMS_ProteinGym_substitutions/A0A2Z5U3Z0_9INFA_Doud_2016.csv
6,A0A2Z5U3Z0,9INFA_Wu_2014,/mnt/vol1/lucc/work/script/NF/esm2/data/ProteinGym/DMS_ProteinGym_substitutions/A0A2Z5U3Z0_9INFA_Wu_2014.csv
7,A4D664,9INFA_Soh_2019,/mnt/vol1/lucc/work/script/NF/esm2/data/ProteinGym/DMS_ProteinGym_substitutions/A4D664_9INFA_Soh_2019.csv
8,A4GRB6,PSEAI_Chen_2020,/mnt/vol1/lucc/work/script/NF/esm2/data/ProteinGym/DMS_ProteinGym_substitutions/A4GRB6_PSEAI_Chen_2020.csv
9,A4,HUMAN_Seuma_2022,/mnt/vol1/lucc/work/script/NF/esm2/data/ProteinGym/DMS_ProteinGym_substitutions/A4_HUMAN_Seuma_2022.csv
